,SYMBOL
0,5FH.SI
1,A31.SI
2,J7X.SI
3,A6F.SI
4,5IB.SI
5,RE2.SI
6,O9E.SI
7,O02.SI
8,MF5.SI
9,JS8.SI
10,E5H.SI
11,5WV.SI
12,A7S.SI
13,A68U.SI
14,5EK.SI
15,P8Z.SI
16,O5RU.SI
17,NF4.SI
18,M1P.SI
19,GH3.SI
20,G5X.SI
21,F9M.SI
22,CT1.SI
23,AK3.SI
24,AEW.SI
25,A7RU.SI
26,A50.SI
27,A33.SI
28,A18.SI
29,A04.SI
30,G1K.SI
31,F99.SI
32,AW9U.SI
33,AJ2.SI
34,A9B.SI
35,A78.SI
36,A34.SI
37,A30.SI
38,A05.SI
39,A03.SI
40,5OY.SI
41,5ET.SI
42,585.SI
43,KI3.SI
44,5VJ.SI
45,5DW.SI
46,P5P.SI
47,MN5.SI
48,E2:G5X.SI
49,E2:A52.SI
50,5NK.SI
51,5CP.SI
52,40F.SI
53,D1R.SI
54,505.SI
55,QL3.SI
56,5AL.SI
57,AER.SI
58,E2:A02.SI
59,E2:A05.SI
60,E2:5GJ.SI
61,E1:P8Z.SI
62,E1:GH3.SI
63,K3HD.SI
64,A53.SI
65,A01.SI
66,575.SI
67,PU6D.SI
68,E2:Z01.SI
69,E2:K3RD.SI
70,E2:A34.SI
71,E1:MN5.SI
72,E1:A02.SI
73,AO9.SI
74,A02.SI
75,5WE.SI
76,E2:N6M.SI
77,AEP.SI
78,E2:MN5.SI
79,E2:A69.SI
80,E1:A59.SI
81,E1:A53.SI
82,E2:RE2.SI
83,E1:5H9R.SI
84,560.SI
85,K3JD.SI
86,H22.SI
87,E2:B03.SI
88,E1:A13.SI
89,E1:A04.SI
90,E1:A17U.SI
91,ACW.SI
92,E2:TI6.SI
93,5H3R.SI
94,5EF.SI
95,K3FD.SI
96,ADJ.SI
97,E2:5VJ.SI
98,E1:5UL.SI
99,E1:538.SI
100,A26.SI
101,S7OU.SI
102,O2I.SI
103,E2:Q1P.SI
104,E2:5WV.SI
105,E1:O2I.SI
106,E1:EH5.SI
110,5AU.SI
111,AAFR.SI
112,E1:5GZ.SI
113,E2:D1R.SI
114,E2:A55.SI
115,E1:L08.SI
116,E1:A31.SI
120,AEO.SI
121,G92.SI
122,AM3.SI
130,ADP.SI
131,CY6U.SI
132,AI1.SI
146,E1:D1R.SI
147,E1:5NK.SI
148,B2W.SI
149,A0W.SI
155,E1:NC2.SI
156,E1:E5H.SI
157,E2:MF5.SI
158,A75.SI
159,5TY.SI
160,E2:F9M.SI
161,E2:5ET.SI
162,E2:560.SI
163,E1:A55.SI
170,E2:A54.SI
171,E2:5TY.SI
172,E1:A34.SI
173,E2:ADQU.SI
180,K3TD.SI
181,L5I.SI
182,A35.SI
183,AD7.SI
184,E2:5H9R.SI
185,QR9.SI
186,N5ZD.SI
187,E2:NC2.SI
188,E2:5EF.SI
189,E2:585.SI
190,KV5.SI
191,A27.SI
192,A59.SI
193,E2:G92.SI
194,TI6.SI
195,5EG.SI
196,N6DD.SI
197,AEU.SI
198,E2:575.SI
199,E1:T42.SI
209,K3QD.SI
218,E1:5H2R.SI
219,LF1.SI
223,ABR.SI
224,5GJ.SI
225,K3MD.SI
226,E2:K3SD.SI
227,E2:GH3.SI
228,E2:5OY.SI
229,E1:K6Y.SI
232,E2:P8Z.SI
233,AD8.SI
234,5EW.SI
235,E2:S7OU.SI
236,ADSR.SI
237,E2:CT1.SI
238,E2:A17U.SI
239,E1:K3HD.SI
240,5IA.SI
241,NF6.SI
242,K3GD.SI
243,E1:5AL.SI
244,E2:C60.SI
245,E2:A04.SI
246,E2:5AM.SI
247,E2:5CR.SI
248,E1:A68U.SI
249,E1:A30.SI
250,538.SI
251,K6Y.SI
252,AAR.SI
253,E2:M1P.SI
254,E2:A75.SI
255,E2:A03.SI
256,E2:5NK.SI
257,E1:CT1.SI
258,E1:A54.SI
259,E1:5AM.SI
262,E2:T42.SI
263,AV5.SI
264,5UL.SI
265,AAW.SI
272,AAY.SI
273,AP4.SI
274,N6ED.SI
279,E2:A0P.SI
286,ACV.SI
287,5JS.SI
288,P60.SI
289,N5YD.SI
295,A0P.SI
296,E1:40F.SI
297,TZ8R.SI
298,N6M.SI
299,K3UD.SI
301,E1:A18.SI
302,E1:5IB.SI
303,E2:P60.SI
304,A0G.SI
305,533.SI
306,O9P.SI
307,E2:L08.SI
308,E2:O9P.SI
309,E2:CY6U.SI
310,E1:G5X.SI
311,E1:5ET.SI
312,E1:585.SI
313,A17U.SI
314,5UE.SI
315,U5U.SI
316,K3CD.SI
317,E1:A01.SI
318,E2:O02.SI
319,E2:5IA.SI
320,E2:533.SI
321,E2:G3B.SI
330,E2:5WE.SI
331,E2:X04.SI
340,AFC.SI
341,E1:533.SI
342,E1:A10.SI
343,E1:B03.SI
344,E1:F18.SI
345,E1:KI3.SI
346,E2:505.SI
347,E2:5CP.SI
348,E2:A13.SI
350,E1:5FH.SI
351,E1:5WV.SI
352,E1:5GJ.SI
353,E1:A69.SI
354,E2:40F.SI
355,E1:Z01.SI
356,E2:5EW.SI
357,E2:5EK.SI
358,E2:EH5.SI
366,E1:F9M.SI
367,E1:A23.SI
374,E1:A75.SI
375,E1:5AU.SI
376,O39.SI
377,K29.SI
378,BN2.SI
379,N21.SI
380,BN4.SI
381,S21.SI
382,O15.SI
383,D79.SI
384,B58.SI
385,5DA.SI
386,B16.SI
387,BS6.SI
388,N4E.SI
389,D38.SI
390,Y92.SI
391,P82.SI
392,L03.SI
393,D01.SI
394,B1ZU.SI
395,568.SI
396,W12.SI
397,T18.SI
399,M41.SI
400,J36.SI
401,GJ8.SI
402,G50.SI
403,F11.SI
404,E25.SI
405,B9S.SI
407,T15.SI
408,MU7.SI
409,KJ5.SI
410,H78.SI
412,FP1.SI
413,E9L.SI
414,DC9.SI
415,B7K.SI
416,B61.SI
417,B28.SI
418,B20.SI
422,5GD.SI
423,B73.SI
424,E2:E9L.SI
425,SV3U.SI
426,B3C.SI
427,B26.SI
428,B10.SI
431,5MC.SI
433,B2:PW3Z.SI
434,E2:TY4R.SI
435,C56.SI
436,U9Z.SI
437,U9F.SI
438,QL1.SI
439,E2:G08.SI
440,E2:AJ2.SI
443,E1:K29.SI
444,E1:B0I.SI
445,546.SI
446,B2:TY6Z.SI
447,S3N.SI
448,E1:B08.SI
449,E2:C59.SI
450,E2:587.SI
451,E1:P82.SI
452,E1:F11.SI
453,E1:D2V.SI
454,E1:D5N.SI
457,E2:W12.SI
458,E2:M41.SI
459,E2:D2V.SI
460,E2:AD7.SI
461,E1:S3N.SI
462,E1:O2F.SI
463,E1:KJ5.SI
464,E2:F11.SI
465,Q7Q.SI
466,F12.SI
467,E1:AD8.SI
468,E2:J36.SI
470,E1:T18.SI
471,E1:W12.SI
472,E1:H78.SI
473,E1:B32.SI
474,RS1.SI
475,L34.SI
476,E2:MQ4.SI
477,C37.SI
478,B07.SI
479,E1:U9E.SI
480,L28.SI
481,E1:H13.SI
482,E2:O15.SI
483,E2:J37.SI
484,E2:H13.SI
485,E1:S07.SI
486,DK2.SI
487,B64.SI
488,UB5.SI
489,M04.SI
491,E2:N21.SI
492,E2:NT1.SI
493,E2:K22.SI
494,E2:B2X.SI
495,E1:N6L.SI
496,E1:N6M.SI
497,E1:T43.SI
498,E1:U01.SI
499,E2:B16.SI
500,E2:DC9.SI
506,E1:5CP.SI
507,E1:T15.SI
508,E2:5DA.SI
509,E2:C37.SI
516,E1:E9L.SI
517,E1:K75.SI
522,B0Z.SI
523,K22.SI
524,P05.SI
525,S91.SI
526,E1:L09.SI
532,E2:Y35.SI
533,K75.SI
534,S38.SI
535,T43.SI
536,E2:GJ8.SI
537,E2:FQ8.SI
538,E2:AFC.SI
539,E2:5MC.SI
540,E1:OJ4.SI
541,E1:L46.SI
542,E1:GJ8.SI
543,E1:E9A.SI
544,E1:DC9.SI
545,E2:K14.SI
546,E2:F18.SI
547,E2:F6D.SI
548,E2:B3C.SI
549,E1:P11.SI
550,E1:P74.SI
551,E1:M41.SI
552,E1:N4E.SI
553,E1:F12.SI
554,E1:D79.SI
555,D2V.SI
556,E1:B22.SI
557,E1:5MC.SI
558,E2:L05.SI
559,NC9.SI
560,K14.SI
561,E2:P74.SI
562,E1:B61.SI
563,E2:D38.SI
564,E2:C56.SI
565,E1:B73.SI
566,E1:B10.SI
567,E1:5CH.SI
568,P74.SI
569,L09.SI
570,F9D.SI
571,E2:MU7.SI
572,E2:L46.SI
573,E2:DK2.SI
575,E1:C56.SI
577,E1:B20.SI
578,E1:B64.SI
580,B1N.SI
582,N6L.SI
583,E2:O2F.SI
584,E2:K29.SI
586,E1:K22.SI
587,E1:BR9.SI
589,B2:NU6Z.SI
590,U2T.SI
591,E1:TY5R.SI
592,E1:AFC.SI
593,E2:L03.SI
594,E1:Q7Q.SI
595,E1:FP1.SI
598,E2:K75.SI
599,E2:S38.SI
600,E2:T15.SI
601,KU3.SI
602,E2:KU3.SI
603,B03.SI
604,E1:S38.SI
605,E1:B2X.SI
607,587.SI
608,E2:Q7Q.SI
609,E2:S21.SI
610,F18.SI
611,M22.SI
612,OJ4.SI
613,TN5.SI
614,E1:AD7.SI
615,E1:A35.SI
616,E1:A78.SI
618,B32.SI
619,Y35.SI
620,S07.SI
621,E2:T43.SI
622,E1:F9D.SI
623,E2:L09.SI
624,E2:D5N.SI
625,E2:B26.SI
626,E1:C0Z.SI
627,C71.SI
629,U01.SI
630,O2R.SI
632,E2:L28.SI
634,E2:F9D.SI
635,E2:B64.SI
636,E1:M04.SI
637,L22.SI
639,E1:B16.SI
640,E2:B61.SI
641,E2:U9F.SI
642,Q0F.SI
643,L05.SI
644,E2:M04.SI
646,E1:D01.SI
647,O2F.SI
649,E1:C59.SI
650,TT4.SI
651,T42.SI
652,MQ4.SI
653,E2:S91.SI
654,E2:FP1.SI
660,E1:B58.SI
661,NT1.SI
662,B9R.SI
663,5HV.SI
664,E1:TY4R.SI
665,P11.SI
670,E1:C37.SI
671,D5N.SI
672,A69.SI
673,U9E.SI
674,QL2.SI
675,E1:5GD.SI
676,B2F.SI
677,B08.SI
678,L46.SI
679,E2:KJ5.SI
680,E2:D01.SI
681,E2:B22.SI
682,E2:5SR.SI
683,E2:568.SI
684,E1:F10.SI
686,B2:P9GZ.SI
687,TY4R.SI
688,E2:N4E.SI
689,E1:C71.SI
690,E2:B20.SI
692,E2:5GD.SI
693,E1:L28.SI
697,E2:B32.SI
698,E2:B58.SI
699,E2:D79.SI
700,E2:L22.SI
701,K3SD.SI
702,C86.SI
703,B2:R9JZ.SI
707,E2:C0Z.SI
708,E2:B28.SI
709,E2:E9A.SI
710,E2:L34.SI
711,TV1.SI
712,B2:L07Z.SI
713,B0I.SI
716,E1:KU3.SI
717,E1:S91.SI
718,E2:AD8.SI
719,E2:F12.SI
720,E2:F10.SI
725,E2:P82.SI
726,E1:5DW.SI
728,E2:B73.SI
729,E2:C71.SI
734,5SR.SI
735,B1:R9JZ.SI
759,C59.SI
760,B2:MA6Z.SI
761,5ER.SI
762,P36.SI
768,E2:OJ4.SI
771,TY5R.SI
780,E1:G08.SI
784,E1:G50.SI
786,PH0.SI
787,D6U.SI
788,C38U.SI
789,C22.SI
791,I4U.SI
793,C33.SI
794,C09.SI
795,CC3.SI
798,C29.SI
799,C13.SI
800,5SY.SI
801,I12.SI
802,C52.SI
803,C2PU.SI
804,C05.SI
806,5KT.SI
807,Y34.SI
808,T14.SI
809,RW0U.SI
810,P8A.SI
812,N2IU.SI
813,L19.SI
814,KJ9.SI
815,5TW.SI
816,5IF.SI
817,TQ5.SI
818,S6NU.SI
820,OU8.SI
821,N9LU.SI
822,L1D.SI
823,KT4.SI
824,K2N.SI
826,J85.SI
827,G54.SI
828,F83.SI
831,CH8.SI
832,C70.SI
833,C3T.SI
835,J91U.SI
836,I54.SI
838,F3V.SI
840,CL7.SI
841,C76.SI
842,C50.SI
846,5PO.SI
847,5OU.SI
849,586.SI
850,541.SI
853,W01.SI
854,K2LU.SI
855,5QT.SI
856,5OX.SI
857,5HT.SI
858,5EC.SI
859,573.SI
861,C10.SI
862,5TP.SI
863,K3OD.SI
864,GU5.SI
865,E2:J85.SI
866,E2:5TF.SI
867,E1:P8A.SI
868,E1:MQ4.SI
869,E1:JS8.SI
870,TU0.SI
871,C6U.SI
872,C2J.SI
873,S24.SI
874,NC2.SI
876,E1:P9D.SI
877,E1:O5RU.SI
878,E1:K2N.SI
879,E2:T14.SI
880,TS0U.SI
881,C60.SI
882,A54.SI
884,J18.SI
885,CZ4.SI
889,E2:ACW.SI
890,E2:C76.SI
891,E2:C10.SI
892,E2:5HT.SI
893,E1:HD8.SI
894,E1:C8R.SI
895,CW4.SI
897,U18.SI
898,K3ID.SI
899,E2:J69U.SI
900,E2:D2U.SI
901,E2:5OU.SI
902,E1:L19.SI
903,E1:C92.SI
904,E1:5OU.SI
905,E2:S6NU.SI
915,G86.SI
928,E1:C29.SI
930,K3DD.SI
931,N0Z.SI
932,NR7.SI
933,U1E.SI
934,5KK.SI
938,E1:5HJ.SI
943,544.SI
944,C04.SI
945,E2:5TI.SI
947,E2:O5RU.SI
948,E2:A0W.SI
949,E2:JA9.SI
950,E2:ND8U.SI
951,E2:P9D.SI
952,E2:RS1.SI
953,P58.SI
954,DU4.SI
955,E2:C8R.SI
957,E2:5IF.SI
958,E2:C86.SI
959,E2:J18.SI
960,E2:P8A.SI
961,E2:5EB.SI
962,KT8U.SI
963,5HJ.SI
964,E1:5AC.SI
965,E2:5QT.SI
966,E1:J85.SI
967,E1:5IF.SI
970,PA3.SI
971,C31.SI
972,5NV.SI
973,5MZ.SI
975,E1:T4E.SI
976,E1:DT2.SI
977,E1:5KK.SI
978,M62.SI
979,P15.SI
980,QS0.SI
981,Z02.SI
982,5ML.SI
983,5NG.SI
984,CZ3.SI
986,5TI.SI
987,U0CR.SI
988,ND8U.SI
989,532.SI
991,E2:B9R.SI
992,E2:C22.SI
993,E2:C92.SI
994,E2:5AC.SI
995,C03.SI
996,5EB.SI
997,561.SI
1000,E1:AU8U.SI
1001,E2:C06.SI
1002,E2:C05.SI
1003,E2:5KT.SI
1004,E2:570.SI
1005,E1:C86.SI
1006,E1:C70.SI
1007,E1:5TP.SI
1008,E1:5KT.SI
1010,L17.SI
1012,J69U.SI
1013,C41.SI
1014,TM0.SI
1015,E1:F83.SI
1016,E1:A7S.SI
1017,E1:5CJ.SI
1018,T4E.SI
1019,554.SI
1021,P9D.SI
1022,5PI.SI
1023,D50.SI
1024,E1:N0Z.SI
1025,E1:RE2.SI
1026,E2:5CJ.SI
1027,E2:BR9.SI
1028,E2:5OX.SI
1029,E2:AU8U.SI
1030,E2:C13.SI
1031,E2:L17.SI
1032,HD8.SI
1033,5DX.SI
1034,5GC.SI
1035,E1:5ML.SI
1036,E2:5PI.SI
1037,E2:A7RU.SI
1038,E2:BN4.SI
1039,E2:C52.SI
1041,E2:N9LU.SI
1042,K3PD.SI
1043,U7A.SI
1044,5TF.SI
1045,TM9.SI
1046,E1:530.SI
1047,E1:C61U.SI
1048,E1:E90.SI
1049,E1:M62.SI
1050,E2:U0CR.SI
1051,E2:5ML.SI
1052,E2:A7S.SI
1053,E2:CL7.SI
1054,E2:I49.SI
1055,E1:N2IU.SI
1056,E1:5RF.SI
1057,E1:F2X.SI
1058,E1:GU5.SI
1059,E1:OU8.SI
1060,E1:Q0X.SI
1062,E2:D4N.SI
1065,E2:O2R.SI
1066,E2:C03.SI
1067,E2:B0Z.SI
1068,E2:541.SI
1069,E1:ND8U.SI
1071,E1:C52.SI
1072,E1:C14.SI
1073,E2:S24.SI
1074,G31.SI
1075,E2:D50.SI
1076,E2:A0G.SI
1077,E2:567.SI
1078,E2:544.SI
1079,E1:KJ9.SI
1080,E1:A0G.SI
1081,E1:B9R.SI
1084,GG0.SI
1085,E1:C09.SI
1086,E1:570.SI
1095,E1:5GC.SI
1106,E2:5RF.SI
1115,E1:S24.SI
1116,E2:5DX.SI
1125,AAJ.SI
1127,E2:5HJ.SI
1128,E1:C38U.SI
1129,E1:G92.SI
1130,E1:C07.SI
1131,E1:N9LU.SI
1135,U3N.SI
1136,DT2.SI
1137,E1:5NV.SI
1138,E1:C10.SI
1139,E1:C05.SI
1140,E1:KT4.SI
1141,E1:S7P.SI
1148,E2:J91U.SI
1149,E2:KT8U.SI
1150,FQ8.SI
1151,JA9.SI
1152,552.SI
1153,539.SI
1155,E1:BN4.SI
1157,E2:N2H.SI
1158,E2:F83.SI
1159,E2:Y34.SI
1160,I49.SI
1161,O31.SI
1162,E1:U0BR.SI
1165,5RF.SI
1166,D2U.SI
1167,E1:O2R.SI
1168,E1:5PI.SI
1169,E1:C31.SI
1170,E1:D6U.SI
1171,E1:D2U.SI
1172,E1:L17.SI
1173,E1:JA9.SI
1178,E1:CH8.SI
1179,E1:C50.SI
1180,E1:E91.SI
1181,E1:K14.SI
1183,E1:S13.SI
1185,E2:W01.SI
1186,E2:U18.SI
1187,E2:C61U.SI
1195,E2:TS0U.SI
1197,E2:C33.SI
1213,E2:530.SI
1214,E1:T16.SI
1223,E1:Z02.SI
1224,E1:J18.SI
1225,E1:C03.SI
1226,E1:B0Z.SI
1227,E1:D38.SI
1228,E1:RS1.SI
1229,E2:528.SI
1230,E2:C38U.SI
1231,E2:CH8.SI
1232,E2:P01.SI
1233,E2:T16.SI
1234,C14.SI
1235,E1:C04.SI
1236,E1:C13.SI
1237,E1:I12.SI
1238,E1:544.SI
1239,E2:C70.SI
1240,E2:DT2.SI
1241,E2:M62.SI
1242,F2X.SI
1243,C8R.SI
1244,U0BR.SI
1266,E2:P15.SI
1267,CX5.SI
1269,535.SI
1272,E1:ACW.SI
1273,E2:D6U.SI
1274,E2:C14.SI
1276,TU9.SI
1279,574.SI
1280,5AC.SI
1281,595.SI
1282,E2:G54.SI
1284,E2:AV5.SI
1285,E1:C11.SI
1294,E2:Z02.SI
1303,U1W.SI
1318,D05.SI
1322,O9D.SI
1325,KF6.SI
1327,DM0.SI
1328,D04.SI
1330,D11.SI
1332,NO4.SI
1333,LF2.SI
1334,KF7.SI
1335,J0S.SI
1338,D8DU.SI
1339,D03.SI
1340,5SO.SI
1341,547.SI
1342,E2:547.SI
1343,E2:KJ7.SI
1344,E2:NO4.SI
1345,HD7.SI
1346,IH0.SI
1347,LG8.SI
1348,D5IU.SI
1351,E1:B2W.SI
1352,E2:G77.SI
1353,E2:KF6.SI
1354,E2:MT1.SI
1358,5CB.SI
1359,E1:KJ7.SI
1360,E2:5SO.SI
1361,E2:B1N.SI
1365,IH2.SI
1366,O9B.SI
1367,D3W.SI
1368,E1:D04.SI
1369,E1:LG6.SI
1370,E2:5UZ.SI
1371,E2:CZ4.SI
1372,D4N.SI
1374,E2:K2M.SI
1375,J0N.SI
1377,TM3.SI
1379,E1:P12.SI
1380,E2:P12.SI
1381,LG9.SI
1382,D08.SI
1383,E1:D11.SI
1384,E2:IH1.SI
1385,K2M.SI
1386,E1:D05.SI
1389,E2:5CH.SI
1390,KF8.SI
1391,N2F.SI
1394,IH4.SI
1395,KJ7.SI
1396,E1:D08.SI
1397,E2:HD9.SI
1399,J0P.SI
1400,E2:D03.SI
1401,E1:LG7.SI
1403,E1:I21.SI
1404,E2:D08.SI
1405,E2:QC7.SI
1406,KV7.SI
1407,E1:KF8.SI
1409,E2:D05.SI
1410,E1:NO4.SI
1411,E1:HE0.SI
1412,E1:5SO.SI
1413,E2:5CB.SI
1414,E2:KF5.SI
1415,J0R.SI
1416,LG7.SI
1417,E1:K2M.SI
1424,N14.SI
1425,T16.SI
1426,E2:K6K.SI
1427,E1:IH1.SI
1432,J0M.SI
1433,KV8.SI
1434,O9C.SI
1435,TU6.SI
1436,E1:CZ4.SI
1457,E2:N14.SI
1461,E1:IH2.SI
1462,E2:HE0.SI
1464,E2:KT4.SI
1465,5UZ.SI
1466,E1:HD9.SI
1471,E1:N14.SI
1473,E2:LG7.SI
1474,P12.SI
1475,D07.SI
1476,E1:LG8.SI
1477,I21.SI
1479,E1:5CB.SI
1481,E1:QC7.SI
1482,IH1.SI
1483,U0N.SI
1489,E1:B1N.SI
1490,E1:HD6.SI
1491,HD6.SI
1499,5MQ.SI
1500,EB5.SI
1501,E16.SI
1503,5ME.SI
1504,500.SI
1505,TS9.SI
1506,S44.SI
1507,Q5T.SI
1509,MF6.SI
1510,E17.SI
1512,5VT.SI
1513,5GB.SI
1514,TT0.SI
1515,S59.SI
1516,RE4.SI
1517,P40U.SI
1518,O10.SI
1519,LS9.SI
1521,FO8.SI
1522,ER0.SI
1527,5RC.SI
1529,JC5.SI
1531,F03.SI
1536,5TJ.SI
1539,5FL.SI
1541,E1:CW4.SI
1542,E1:502.SI
1543,E1:5CQ.SI
1544,E1:540.SI
1546,E1:5FW.SI
1548,5KU.SI
1549,594.SI
1551,E1:526.SI
1552,E1:591.SI
1553,E1:560.SI
1554,E1:5UN.SI
1556,E1:5RA.SI
1557,E1:5NG.SI
1558,E1:B2F.SI
1559,E1:A27.SI
1560,E1:F01.SI
1561,E1:FQ7.SI
1562,E1:CX5.SI
1563,E1:H19.SI
1564,E1:KJ6.SI
1565,E1:K2P.SI
1570,E1:G20.SI
1572,E1:E3B.SI
1573,E1:H06.SI
1574,E1:M05.SI
1575,E1:L25.SI
1576,E1:LH4U.SI
1577,E1:N01.SI
1578,E1:I04.SI
1579,E1:J10.SI
1580,E1:J69U.SI
1581,E1:J74.SI
1582,E1:P9J.SI
1583,E1:K71U.SI
1584,E1:JC6.SI
1585,E1:Q1P.SI
1586,E1:Q7W.SI
1587,E1:Y92.SI
1589,E1:K2LU.SI
1590,E1:L15.SI
1591,E1:P36.SI
1592,E1:QS9.SI
1593,E1:L23.SI
1594,E1:T19.SI
1595,E1:T08.SI
1596,E1:T24.SI
1597,E1:P58.SI
1598,E1:Y03.SI
1600,E2:5BK.SI
1601,E2:5LY.SI
1602,E2:5PD.SI
1603,E2:5VI.SI
1605,E2:5WD.SI
1606,E2:B49.SI
1607,E2:A6F.SI
1609,E1:X64.SI
1614,E2:5MS.SI
1618,E2:G13.SI
1620,E2:Q0F.SI
1621,E2:RF1U.SI
1622,E2:X64.SI
1623,E2:S68.SI
1624,E2:S51.SI
1625,E2:T13.SI
1626,L18.SI
1628,E2:G05.SI
1629,E2:H22.SI
1630,E2:P40U.SI
1631,E2:P47.SI
1632,E2:RC5.SI
1635,550.SI
1636,N0L.SI
1638,E2:EE6.SI
1639,E2:H15.SI
1640,E2:M14.SI
1641,E2:J74.SI
1645,E2:ON7.SI
1646,E2:O08.SI
1647,E2:P13.SI
1649,E2:J16.SI
1650,E2:IX2.SI
1651,E2:LJ3.SI
1653,E2:P34.SI
1654,E2:L5I.SI
1655,E2:N02.SI
1657,E2:K6S.SI
1660,E2:E3B.SI
1661,E2:C6U.SI
1666,E1:5VU.SI
1670,E2:GG7.SI
1672,E2:A50.SI
1673,E2:5WG.SI
1674,5G1.SI
1675,E2:5G5R.SI
1676,5DM.SI
1677,5CT.SI
1678,E1:TO9.SI
1679,E1:5I3.SI
1681,ES3.SI
1682,E2:Z74.SI
1686,E2:5EG.SI
1688,E1:AAFR.SI
1690,E2:5I5.SI
1692,E2:T55.SI
1693,E2:N32.SI
1697,E1:DU4.SI
1699,E1:5MS.SI
1700,E1:5NH.SI
1701,E1:532.SI
1702,E02.SI
1704,E1:S58.SI
1705,E1:S35.SI
1706,E1:T6I.SI
1709,E1:554.SI
1710,E1:5IE.SI
1711,E1:558.SI
1713,E2:593.SI
1714,E1:W01.SI
1715,E1:U19.SI
1717,E1:S05.SI
1718,E2:F1E.SI
1720,E2:J03.SI
1721,E2:I26.SI
1725,E2:M35.SI
1726,E2:P7VU.SI
1727,E2:S56.SI
1729,E2:H17.SI
1730,E2:L10.SI
1731,E2:L25.SI
1732,E2:O32.SI
1735,E2:O05.SI
1737,E2:S73.SI
1738,E2:I06.SI
1740,E2:I85.SI
1741,E2:L23.SI
1742,E2:OV8.SI
1743,E2:JS8.SI
1744,E2:S3N.SI
1745,E2:S35.SI
1746,E2:S10.SI
1747,E2:S44.SI
1748,E2:I11.SI
1749,E2:L20.SI
1750,E2:I03.SI
1751,E2:MV4.SI
1752,E2:P30.SI
1753,E2:T12.SI
1754,E2:T19.SI
1755,E2:T20.SI
1757,E2:V03.SI
1759,E1:I85.SI
1760,E1:L6T.SI
1762,E1:R07.SI
1763,E1:N6H.SI
1764,E1:M1GU.SI
1765,E1:T03.SI
1767,E1:S10.SI
1769,E1:K03.SI
1773,E1:T55.SI
1774,E1:S51.SI
1775,E1:T12.SI
1778,E1:5TJ.SI
1780,E1:B3C.SI
1781,E1:E6A.SI
1783,E1:G1M.SI
1784,E1:I15.SI
1786,E1:B28.SI
1787,E1:G18.SI
1790,E1:AK3.SI
1793,E1:H73.SI
1795,E1:E25.SI
1797,E1:F25U.SI
1798,E2:543.SI
1799,E2:566.SI
1800,E2:5KU.SI
1801,E2:5VT.SI
1802,E2:A26.SI
1803,E2:5FD.SI
1805,E2:5TJ.SI
1806,E2:D8DU.SI
1807,E2:B66.SI
1808,E2:5DW.SI
1810,E2:5HG.SI
1811,E2:5TN.SI
1812,E2:A27.SI
1816,E2:CX5.SI
1818,E2:C9Q.SI
1822,E2:K01.SI
1824,E2:N0L.SI
1825,E2:NR7.SI
1826,E2:MR8.SI
1827,E2:P31.SI
1829,E2:H30.SI
1830,E2:F25U.SI
1831,E2:I07.SI
1832,E2:JK8.SI
1836,E2:NS8U.SI
1841,E1:ACV.SI
1843,E1:5IG.SI
1844,E1:5ME.SI
1845,E1:5FX.SI
1847,E1:B49.SI
1849,5QZ.SI
1850,E1:AAJ.SI
1851,E1:U5S.SI
1860,E2:C41.SI
1862,E2:F99.SI
1863,E2:H18.SI
1865,E2:I98.SI
1866,E2:M03.SI
1867,E2:I15.SI
1869,E2:FV2.SI
1872,E2:FQ7.SI
1873,E2:DM0.SI
1875,E2:L18.SI
1876,E2:K1Q.SI
1877,E2:MC7.SI
1878,E2:T4B.SI
1879,EB7.SI
1880,E2:40D.SI
1881,E1:C4P.SI
1882,5FR.SI
1883,E2:5H5R.SI
1884,E1:5TT.SI
1885,E1:574.SI
1886,E1:543.SI
1887,E1:5DN.SI
1888,E2:T8JU.SI
1890,U19.SI
1891,E1:586.SI
1893,TM4.SI
1894,E1:5LE.SI
1895,E1:557.SI
1896,E1:568.SI
1897,E1:5ER.SI
1899,E2:T03.SI
1900,E8Z.SI
1901,E2:5H8.SI
1903,R07.SI
1904,E1:5I7R.SI
1905,5VU.SI
1908,E2:Y92.SI
1909,E6A.SI
1910,E2:U0BR.SI
1911,578.SI
1913,U04.SI
1914,E1:5AE.SI
1916,E2:G31.SI
1917,E2:I4U.SI
1922,E1:MS7.SI
1923,E1:LG2U.SI
1924,E1:H27.SI
1925,E1:O9P.SI
1931,E1:L05.SI
1932,E1:H22.SI
1933,E1:M11.SI
1935,E1:IX2.SI
1938,E1:5TN.SI
1958,E2:C04.SI
1959,E2:B2F.SI
1960,E2:E28.SI
1962,E2:G10.SI
1963,E2:L02.SI
1965,E2:KI3.SI
1966,E2:M01.SI
1967,E2:M9F.SI
1968,E2:A15.SI
1969,E2:C50.SI
1971,E2:G4F.SI
1972,E2:IW5.SI
1974,E2:K2LU.SI
1977,E2:Q0X.SI
1979,E2:QS9.SI
1980,E2:Z59.SI
1983,NI3.SI
1984,U7E.SI
1985,E2:K17.SI
1986,E2:ER0.SI
1988,E2:O23.SI
1989,E2:SK3.SI
1990,E2:S71.SI
1991,EG0.SI
1993,E1:5G9.SI
2001,E2:5CS.SI
2002,E2:564.SI
2004,E1:SK3.SI
2005,E1:RF1U.SI
2006,E1:O9E.SI
2007,E1:MC7.SI
2008,E2:5OF.SI
2009,E2:5FI.SI
2010,E2:5BS.SI
2011,E2:5FW.SI
2015,E1:O23.SI
2016,E1:K17.SI
2019,E2:5TW.SI
2029,E2:A30.SI
2030,E2:E18.SI
2041,E2:D3W.SI
2043,E2:E6R.SI
2044,E2:K71U.SI
2045,E2:F13.SI
2046,E2:K2N.SI
2048,E2:B1ZU.SI
2052,E2:E16.SI
2053,E2:E27.SI
2054,E2:M15.SI
2055,E2:L38.SI
2056,E2:M22.SI
2057,E2:L1D.SI
2058,E1:5IM.SI
2059,E1:CC3.SI
2063,E1:F99.SI
2064,E1:J11.SI
2065,E1:K6J.SI
2066,E1:J16.SI
2069,E1:B1ZU.SI
2072,E1:I9T.SI
2075,E1:I06.SI
2076,E1:M06.SI
2079,E2:G20.SI
2080,E2:D5IU.SI
2082,E2:E8Z.SI
2083,E2:E02.SI
2091,E2:E17.SI
2098,E1:595.SI
2099,E1:5DO.SI
2100,E1:C76.SI
2105,E1:F13.SI
2106,E1:E8Z.SI
2107,E1:J2T.SI
2108,E1:5EV.SI
2109,E1:5IA.SI
2111,E1:AP4.SI
2113,E1:C9Q.SI
2115,E1:G10.SI
2118,E1:5I0.SI
2158,E2:A9B.SI
2160,E2:5RC.SI
2162,E2:E90.SI
2169,E2:5NH.SI
2170,E2:B9S.SI
2171,E2:ES3.SI
2178,5HG.SI
2179,E2:AAJ.SI
2183,E1:5MZ.SI
2188,5OF.SI
2189,E2:ACV.SI
2190,E1:5VP.SI
2191,E1:5NF.SI
2192,E1:5QZ.SI
2198,E1:5DA.SI
2199,E1:5FR.SI
2201,E1:5EL.SI
2204,E1:A50.SI
2205,E1:CZ3.SI
2206,E1:H15.SI
2207,E1:CL7.SI
2208,E1:5IC.SI
2209,E1:5HH.SI
2211,E1:B9S.SI
2212,E1:5WG.SI
2213,E1:AJ2.SI
2214,E1:A6F.SI
2216,E1:B66.SI
2217,E1:G86.SI
2218,E2:5VS.SI
2219,E2:C3T.SI
2220,E2:B69.SI
2223,E2:C09.SI
2224,E2:CC3.SI
2225,E2:F31.SI
2227,E2:KF4.SI
2228,E2:A33.SI
2232,E2:B2W.SI
2233,E2:D04.SI
2234,E2:G1N.SI
2235,E2:H20.SI
2236,E2:J8O.SI
2237,E2:FO8.SI
2241,E2:P19.SI
2242,E2:U06.SI
2243,E2:U19.SI
2244,5DE.SI
2245,G07.SI
2247,E2:40B.SI
2251,E2:O87.SI
2252,E2:X27.SI
2253,E1:542.SI
2254,5DN.SI
2256,E1:U6C.SI
2257,E1:AI1.SI
2258,E1:E5P.SI
2260,E1:E6R.SI
2263,E1:H18.SI
2266,E1:P07.SI
2267,E1:SK7.SI
2270,E1:GG7.SI
2272,E1:I49.SI
2274,E1:L5I.SI
2276,E1:LJ3.SI
2279,E1:561.SI
2280,E1:5DM.SI
2281,E1:5UX.SI
2288,E1:550.SI
2289,E1:5CS.SI
2290,E1:5HC.SI
2291,E1:A03.SI
2363,E1:ADP.SI
2366,E1:H20.SI
2373,E1:M14.SI
2374,E1:EB5.SI
2376,E1:F34.SI
2377,E1:E13.SI
2378,E2:T04.SI
2379,E2:S08.SI
2380,E2:NF1.SI
2382,E1:F31.SI
2385,E1:AV5.SI
2386,E1:A9A.SI
2387,E1:C33.SI
2392,E1:E18.SI
2393,E1:D3W.SI
2396,E1:F03.SI
2397,E1:5QT.SI
2398,E1:MV4.SI
2399,E1:K6S.SI
2400,E1:L02.SI
2401,E1:P34.SI
2402,E1:NI3.SI
2403,E1:S59.SI
2404,E1:RW0U.SI
2405,E1:RQ1.SI
2406,E2:539.SI
2407,E28.SI
2409,E1:L1D.SI
2411,E1:T8JU.SI
2413,E1:S41.SI
2414,E1:QF6.SI
2415,E1:U10.SI
2416,E2:526.SI
2417,E2:5DL.SI
2418,E1:KT9.SI
2419,E1:S6NU.SI
2420,E1:M30.SI
2421,E1:ME8U.SI
2422,E1:Q0W.SI
2423,E1:U18.SI
2424,E2:574.SI
2425,E2:519.SI
2427,E2:586.SI
2428,E1:M22.SI
2429,E1:M03.SI
2430,E1:S69.SI
2431,E1:T13.SI
2433,E23.SI
2434,E2:542.SI
2435,E2:5AI.SI
2436,E2:504.SI
2437,E2:546.SI
2438,E1:S44.SI
2439,E1:V03.SI
2440,E1:X04.SI
2441,E1:Z74.SI
2442,E2:5BI.SI
2444,E2:5OR.SI
2445,E2:5GI.SI
2446,E2:5FR.SI
2447,E2:A68U.SI
2448,E1:U05.SI
2449,E1:Z78.SI
2450,E1:T77.SI
2451,E2:5AU.SI
2452,E2:538.SI
2453,E2:5JS.SI
2454,E2:569.SI
2455,E2:5IC.SI
2456,E2:5UO.SI
2458,E2:F03.SI
2459,E2:K2P.SI
2460,E2:LH4U.SI
2461,E2:Q0W.SI
2462,E2:MR7.SI
2463,E2:QF6.SI
2464,E2:P52.SI
2465,E2:RW0U.SI
2467,E2:U14.SI
2468,E2:H73.SI
2471,E2:M11.SI
2472,E2:O31.SI
2473,E2:QG1.SI
2474,E2:P29.SI
2475,E2:S19.SI
2476,E2:T18.SI
2477,H1M.SI
2487,E94.SI
2496,E2:Z77.SI
2497,E1:546.SI
2518,E1:X06.SI
2520,E2:532.SI
2522,E2:5F7.SI
2525,E2:600.SI
2526,E2:E6A.SI
2529,E2:536.SI
2531,E2:5PL.SI
2533,E2:BN2.SI
2535,E2:C2PU.SI
2536,E2:H07.SI
2538,E1:QG1.SI
2539,E2:U5S.SI
2542,E2:F86.SI
2543,E2:C4P.SI
2544,E2:E15.SI
2546,E2:CW4.SI
2547,E2:C31.SI
2551,E2:I12.SI
2553,E2:D11.SI
2554,E2:E94.SI
2555,E2:MS7.SI
2556,E2:EB7.SI
2558,E1:5WR.SI
2560,E1:P30.SI
2564,E2:M09.SI
2566,E2:M1Z.SI
2568,E1:TS0U.SI
2569,E1:E15.SI
2570,E1:5DL.SI
2571,U5S.SI
2572,E1:F20.SI
2573,E2:S45U.SI
2575,E2:ME8U.SI
2576,E2:J2T.SI
2577,E2:KT9.SI
2578,E2:5NF.SI
2581,E2:B7K.SI
2582,E2:H78.SI
2584,E2:I9T.SI
2587,E2:KF8.SI
2589,E2:AP4.SI
2590,E2:A9A.SI
2592,E2:E25.SI
2593,E2:E5P.SI
2594,E2:M26.SI
2595,E2:MC0.SI
2597,E2:P11.SI
2599,E2:5FF.SI
2600,E2:5BM.SI
2601,E2:5EL.SI
2602,E2:5CE.SI
2604,E2:5UX.SI
2610,E2:5FQ.SI
2611,E2:5AE.SI
2612,E2:5OS.SI
2613,E2:5DO.SI
2614,E2:5ME.SI
2616,E2:5WF.SI
2618,E1:5EW.SI
2619,E1:5FL.SI
2620,E1:5JS.SI
2621,E1:A9B.SI
2623,E1:BS6.SI
2625,E1:EE6.SI
2627,E1:C68.SI
2629,E1:5FF.SI
2630,E1:5DX.SI
2632,E1:A05.SI
2633,E1:C06.SI
2634,E1:A33.SI
2635,E1:F17.SI
2636,E1:DM0.SI
2637,E1:C6U.SI
2638,E1:G41.SI
2639,E1:I26.SI
2640,E1:N02.SI
2641,E1:Q01.SI
2643,E1:NS8U.SI
2644,E1:Y02.SI
2645,E1:Z59.SI
2647,E2:508.SI
2648,E1:H64.SI
2649,E1:O08.SI
2650,E1:M09.SI
2653,E1:S20.SI
2655,E1:Y08.SI
2658,E2:5RE.SI
2659,E2:5TP.SI
2661,E2:AK3.SI
2662,E2:5MM.SI
2663,E2:AI1.SI
2665,E2:A18.SI
2666,E2:F3V.SI
2668,E2:AW9U.SI
2669,E2:5GB.SI
2670,E2:5HV.SI
2671,E2:5PO.SI
2673,E2:B0I.SI
2674,E2:A53.SI
2675,E2:F22.SI
2676,E2:H64.SI
2677,E2:C68.SI
2678,E2:NC9.SI
2679,E2:S05.SI
2680,E2:Y07.SI
2681,E2:S07.SI
2688,E2:O39.SI
2689,E2:Q5T.SI
2690,E2:S7P.SI
2691,E2:Y45.SI
2725,E1:S08.SI
2738,E2:5MQ.SI
2739,E2:5DP.SI
2750,E2:5HW.SI
2758,E2:594.SI
2759,E2:571.SI
2760,E2:5JK.SI
2761,E2:595.SI
2762,E2:510.SI
2765,E2:5WA.SI
2768,E2:502.SI
2771,E2:591.SI
2772,E2:5HC.SI
2774,E2:5TT.SI
2777,E2:5KI.SI
2779,E2:MF6.SI
2780,E2:M44U.SI
2781,E2:P9J.SI
2782,E2:V69.SI
2783,E2:Z25.SI
2784,E2:T8B.SI
2785,E2:T82U.SI
2787,R14.SI
2790,E2:RE4.SI
2791,E2:S20.SI
2792,E2:R07.SI
2793,E2:T06.SI
2794,E2:T08.SI
2795,E2:Y08.SI
2796,E13.SI
2806,E1:ER0.SI
2807,E1:G05.SI
2815,E1:F22.SI
2826,E1:S46.SI
2827,E1:P40U.SI
2837,E1:R01.SI
2839,E2:S63.SI
2847,E2:40E.SI
2849,E2:S9B.SI
2857,E2:ADJ.SI
2858,E1:547.SI
2859,E1:528.SI
2860,E1:5I1.SI
2861,EE6.SI
2862,E2:U13.SI
2868,RQ1.SI
2870,E2:5IE.SI
2871,E2:U05.SI
2872,E2:X06.SI
2887,E1:569.SI
2896,EH5.SI
2897,E1:5CR.SI
2919,E1:5OX.SI
2920,E1:5DS.SI
2923,E1:A7RU.SI
2924,E1:C22.SI
2926,E1:ES3.SI
2928,E1:5CT.SI
2929,E1:5CN.SI
2930,E1:5PO.SI
2933,E1:5VI.SI
2935,E1:F3EU.SI
2936,E1:D4N.SI
2938,E1:M9F.SI
2939,E18.SI
2948,E2:5I4.SI
2971,E2:5KK.SI
3004,E2:EG0.SI
3005,E2:H12.SI
3012,E2:5TH.SI
3014,E2:G07.SI
3017,E2:H27.SI
3023,E1:U4IR.SI
3024,E2:U6C.SI
3025,E1:541.SI
3026,E1:5UF.SI
3032,E2:5H0.SI
3033,TU5.SI
3034,E2:5I0.SI
3035,E1:583.SI
3038,E1:5LY.SI
3048,E1:5NL.SI
3058,E1:P47.SI
3059,E1:P52.SI
3060,E1:S48.SI
3061,E1:T28.SI
3062,E1:RC5.SI
3063,E1:T39.SI
3065,E2:5CQ.SI
3066,E2:552.SI
3067,E2:5CT.SI
3069,E1:P19.SI
3072,E1:SV3U.SI
3073,E1:U04.SI
3074,E1:T4B.SI
3075,E2:535.SI
3076,E2:583.SI
3077,E2:5ER.SI
3101,E2:C11.SI
3103,E2:C07.SI
3105,E2:F3EU.SI
3106,E2:G86.SI
3111,E2:C29.SI
3112,E2:BS6.SI
3113,E2:E13.SI
3114,E2:H16.SI
3116,E2:G1O.SI
3186,E2:5MD.SI
3187,E2:5GF.SI
3195,E2:5F4.SI
3196,E2:5IB.SI
3197,E2:558.SI
3242,H1N.SI
3243,S63.SI
3244,E1:5PF.SI
3245,E2:5G1.SI
3251,E1:TZ7R.SI
3252,A55.SI
3253,S35.SI
3254,F25U.SI
3256,S41.SI
3257,P2Q.SI
3260,JC6.SI
3262,H1O.SI
3269,K03.SI
3271,H30.SI
3273,G1M.SI
3277,F31.SI
3278,F17.SI
3287,F20.SI
3288,F13.SI
3294,E1:DK2.SI
3295,E2:5UF.SI
3299,TM5.SI
3300,E1:E28.SI
3301,E2:S41.SI
3302,5F4.SI
3303,508.SI
3304,E2:5QY.SI
3305,E2:AO9.SI
3306,E2:F20.SI
3307,F10.SI
3308,MT7.SI
3309,E1:5OI.SI
3310,E2:5WJ.SI
3311,F1E.SI
3314,P34.SI
3316,E1:Q5T.SI
3321,B2:NU7Z.SI
3322,5WJ.SI
3328,H1Q.SI
3334,LG2U.SI
3335,E1:AO9.SI
3336,E1:H30.SI
3343,FQ7.SI
3346,E2:5FL.SI
3354,E1:508.SI
3355,5OI.SI
3357,F01.SI
3363,E1:TQ5.SI
3364,5UF.SI
3366,F3EU.SI
3399,E2:EB5.SI
3400,E2:S23.SI
3401,G1O.SI
3409,E2:P58.SI
3410,E90.SI
3411,TR1.SI
3413,E2:I54.SI
3421,E2:U01.SI
3440,P2P.SI
3441,F86.SI
3442,E9A.SI
3451,F6D.SI
3459,E1:ADN.SI
3460,E1:P60.SI
3472,E2:O10.SI
3475,S10.SI
3477,T77.SI
3478,Z25.SI
3479,P9J.SI
3480,MC0.SI
3481,5WD.SI
3482,593.SI
3483,T6I.SI
3485,G13.SI
3487,G20.SI
3489,MR8.SI
3491,5KI.SI
3492,TU2.SI
3497,J16.SI
3502,G05.SI
3505,OV8.SI
3507,H18.SI
3510,G41.SI
3516,5IG.SI
3521,QC7.SI
3523,UC2R.SI
3525,5PF.SI
3527,5CE.SI
3529,E2:F01.SI
3531,S7P.SI
3532,E1:UC2R.SI
3533,U0Q.SI
3535,U3K.SI
3537,5GZ.SI
3539,E2:RF7.SI
3545,B22.SI
3547,U8V.SI
3554,E2:N6H.SI
3561,G1N.SI
3563,UC3R.SI
3568,E1:L38.SI
3571,G3B.SI
3572,T4B.SI
3573,E2:UC2R.SI
3574,E1:G13.SI
3576,5IM.SI
3577,RF7.SI
3579,G18.SI
3581,E2:G11.SI
3582,E2:F17.SI
3583,E2:5IM.SI
3587,Q0X.SI
3588,G4F.SI
3591,E2:G41.SI
3592,E2:E5H.SI
3593,E2:5IG.SI
3600,5CJ.SI
3601,5PC.SI
3605,ADQU.SI
3609,E91.SI
3614,E2:5VP.SI
3617,C4P.SI
3618,U3G.SI
3622,E2:K6J.SI
3628,5FI.SI
3629,UA8.SI
3631,E2:I5H.SI
3636,E2:K03.SI
3638,G10.SI
3645,E2:G50.SI
3647,G08.SI
3648,543.SI
3657,E2:AM3.SI
3658,5EV.SI
3659,MC7.SI
3668,K6J.SI
3669,E1:L18.SI
3673,L38.SI
3675,U0X.SI
3702,519.SI
3709,E1:Y07.SI
3711,KT9.SI
3712,TU3.SI
3713,5OT.SI
3737,E2:5PC.SI
3740,E1:EB7.SI
3744,E1:S21.SI
3746,E1:MC0.SI
3750,Z59.SI
3752,5CF.SI
3755,L6T.SI
3759,5EN.SI
3760,T39.SI
3762,SK7.SI
3764,MS7.SI
3769,5VS.SI
3771,545.SI
3772,U10.SI
3774,NS8U.SI
3781,X06.SI
3785,M9F.SI
3787,KF4.SI
3789,I07.SI
3793,H15.SI
3798,I85.SI
3800,H20.SI
3801,H19.SI
3802,H17.SI
3803,H07.SI
3812,5RK.SI
3814,5JK.SI
3815,596.SI
3816,583.SI
3817,558.SI
3821,600.SI
3824,5GF.SI
3825,588.SI
3826,580.SI
3831,5AI.SI
3839,5UU.SI
3840,5IC.SI
3841,RF1U.SI
3868,U4JR.SI
3869,5KH.SI
3873,E2:588.SI
3874,E1:H17.SI
3878,5OR.SI
3879,5HW.SI
3881,HD9.SI
3883,E1:KF4.SI
3884,E1:H12.SI
3887,5MM.SI
3889,5FX.SI
3890,H73.SI
3891,GG7.SI
3901,E1:5JK.SI
3904,E2:5UU.SI
3917,H1P.SI
3919,5NH.SI
3921,E1:NT1.SI
3923,E2:H02.SI
3927,J2T.SI
3928,E1:510.SI
3935,P47.SI
3938,FV2.SI
3945,5DP.SI
3968,N2H.SI
3969,E1:5OR.SI
3973,E1:P7VU.SI
3978,H27.SI
4003,504.SI
4008,E2:ADP.SI
4018,E1:5G5R.SI
4029,5DD.SI
4030,P7VU.SI
4031,E1:5VJ.SI
4033,U2E.SI
4034,B2X.SI
4035,C0Z.SI
4036,H12.SI
4040,5BS.SI
4041,Y03.SI
4042,5LE.SI
4044,BR9.SI
4045,E1:5PD.SI
4046,E2:SK7.SI
4092,C9Q.SI
4101,H13.SI
4102,C92.SI
4109,E2:5EV.SI
4129,5WA.SI
4131,M1Z.SI
4132,I19.SI
4136,U77.SI
4137,TM8.SI
4138,T09.SI
4139,O32.SI
4144,591.SI
4145,Y08.SI
4146,TU1.SI
4147,T8B.SI
4148,QL0.SI
4149,QK9.SI
4151,O08.SI
4152,MV4.SI
4155,IW5.SI
4157,I15.SI
4160,P07.SI
4161,O05.SI
4165,I98.SI
4167,I11.SI
4168,I04.SI
4173,5TN.SI
4175,5AB.SI
4176,571.SI
4178,KV4.SI
4182,5WH.SI
4186,564.SI
4188,J11.SI
4189,P31.SI
4190,M11.SI
4191,I5H.SI
4194,E2:5EC.SI
4195,E1:I98.SI
4196,E1:5EC.SI
4200,E1:5I4.SI
4201,G0I.SI
4207,E2:5AB.SI
4208,E2:5DM.SI
4210,5OC.SI
4211,SH8.SI
4213,581.SI
4214,E2:Y06.SI
4219,B69.SI
4220,5IE.SI
4221,QG1.SI
4222,E1:5AB.SI
4223,H64.SI
4228,E1:5OQ.SI
4230,E2:5OQ.SI
4231,UA6.SI
4233,IX2.SI
4246,E2:J11.SI
4247,E2:5WH.SI
4248,E1:M26.SI
4257,5EL.SI
4264,E2:T41.SI
4266,ME8U.SI
4274,E1:U96.SI
4276,5I4.SI
4283,E1:T8B.SI
4284,E1:O32.SI
4294,E2:T09.SI
4304,E2:U96.SI
4305,E2:U77.SI
4329,E1:581.SI
4331,E1:EG0.SI
4332,E1:564.SI
4333,I9T.SI
4335,T41.SI
4341,E1:B69.SI
4342,E1:571.SI
4344,5HC.SI
4347,M26.SI
4358,5GI.SI
4365,E1:5OS.SI
4368,U2Q.SI
4375,5OS.SI
4376,569.SI
4378,O23.SI
4382,E1:5GI.SI
4383,AEN.SI
4384,5WF.SI
4385,Y06.SI
4386,T82U.SI
4408,M14.SI
4413,QS9.SI
4415,I17.SI
4424,M09.SI
4426,E2:F34.SI
4432,KT2.SI
4469,E1:I07.SI
4475,J10.SI
4478,E1:J03.SI
4479,J0O.SI
4480,5FA.SI
4486,5TS.SI
4489,K1Q.SI
4491,Q0W.SI
4493,E2:5PF.SI
4504,J03.SI
4509,J74.SI
4511,E2:J17.SI
4512,J37.SI
4516,E1:5FA.SI
4517,E2:5WR.SI
4522,JK8.SI
4526,E1:5TF.SI
4539,E1:J37.SI
4541,J0Q.SI
4543,J17.SI
4547,E1:5TS.SI
4548,E1:J36.SI
4569,K01.SI
4571,L25.SI
4576,K11.SI
4584,K71U.SI
4585,K17.SI
4593,K3ED.SI
4595,TO9.SI
4600,5I1.SI
4604,5TT.SI
4605,E1:J8O.SI
4609,U0S.SI
4610,KT3.SI
4611,KJ6.SI
4613,E2:GG0.SI
4619,UA4.SI
4621,E1:504.SI
4622,E2:U10.SI
4623,E2:H06.SI
4625,E2:40I.SI
4644,LH4U.SI
4656,K2P.SI
4658,E1:F1E.SI
4662,SK3.SI
4667,E2:5G2.SI
4668,E2:5MZ.SI
4670,K3ND.SI
4688,K6S.SI
4694,H06.SI
4698,5I6.SI
4699,5G2.SI
4703,E2:N0Z.SI
4704,U3H.SI
4710,E1:5RK.SI
4711,E1:578.SI
4720,40I.SI
4721,E1:X27.SI
4725,K3KD.SI
4728,E2:578.SI
4741,J8O.SI
4770,E2:5I7R.SI
4776,E1:5BK.SI
4781,K3RD.SI
4784,E1:K01.SI
4786,E1:5OC.SI
4808,Z74.SI
4809,5MS.SI
4817,5HH.SI
4846,X64.SI
4854,Z78.SI
4877,LJ3.SI
4938,5VI.SI
4948,5TR.SI
4966,540.SI
4967,5CH.SI
4968,5CN.SI
4969,5BM.SI
4979,RC5.SI
4980,ON7.SI
4981,C07.SI
4982,E1:587.SI
4991,E3B.SI
4998,E2:5TR.SI
5003,E1:594.SI
5005,L08.SI
5009,N2E.SI
5012,JC7.SI
5016,S9B.SI
5024,E2:L19.SI
5028,S05.SI
5029,528.SI
5030,570.SI
5041,Y45.SI
5047,E1:D5IU.SI
5048,QF6.SI
5050,V69.SI
5051,5FW.SI
5052,5OQ.SI
5053,A9A.SI
5056,E1:E94.SI
5057,E1:G1N.SI
5064,Q7W.SI
5077,5CQ.SI
5088,F34.SI
5092,L02.SI
5095,B49.SI
5096,576.SI
5100,E1:L03.SI
5110,E1:Z25.SI
5115,E2:S30.SI
5120,E1:S9B.SI
5127,E1:40GR.SI
5136,5UX.SI
5139,Y07.SI
5149,5QR.SI
5159,E2:540.SI
5160,E2:G0I.SI
5161,E5P.SI
5163,C06.SI
5165,5PD.SI
5174,5MD.SI
5175,5NF.SI
5192,L10.SI
5204,E2:Q7W.SI
5206,526.SI
5209,U6C.SI
5214,E6R.SI
5216,510.SI
5233,B66.SI
5237,584.SI
5257,W81.SI
5279,L5J.SI
5283,E1:593.SI
5285,L23.SI
5293,M44U.SI
5294,L5G.SI
5295,KF5.SI
5297,542.SI
5316,E2:LS9.SI
5317,LG6.SI
5334,40HR.SI
5335,E1:M44U.SI
5359,5BK.SI
5379,E2:L5F.SI
5382,IH3.SI
5391,HE0.SI
5393,E1:G0I.SI
5445,O6Z.SI
5470,579.SI
5471,U4IR.SI
5488,M06.SI
5494,S51.SI
5496,R01.SI
5503,U6Y.SI
5509,M35.SI
5510,M01.SI
5530,E1:MF6.SI
5533,E2:N2IU.SI
5534,E2:E91.SI
5543,E2:M06.SI
5548,E1:G4F.SI
5551,AAGR.SI
5560,ABE.SI
5606,557.SI
5609,E2:DU4.SI
5633,E1:M01.SI
5640,E2:R01.SI
5642,E1:Y34.SI
5644,E1:F86.SI
5656,M03.SI
5667,E1:5DD.SI
5669,E2:5DD.SI
5673,MT1.SI
5677,E1:D03.SI
5680,E2:M30.SI
5686,E2:5DS.SI
5746,E1:5EN.SI
5757,E2:5EN.SI
5763,C11.SI
5765,E2:M05.SI
5776,N03.SI
5784,N6FD.SI
5799,U6W.SI
5802,E1:MR8.SI
5808,U0W.SI
5811,E1:N21.SI
5812,E1:N03.SI
5814,MR7.SI
5817,N6H.SI
5826,N08.SI
5829,ABF.SI
5834,U2N.SI
5840,E2:B07.SI
5841,TT5.SI
5846,N02.SI
5847,5QY.SI
5869,N32.SI
5882,N01.SI
5890,E2:5UJ.SI
5895,TN3.SI
5916,E1:O10.SI
5919,E1:584.SI
5922,U0Y.SI
5926,E2:5CF.SI
5930,E2:557.SI
5961,5PL.SI
5965,E1:ADJ.SI
5970,O9Q.SI
5974,O9A.SI
5975,E1:5FI.SI
5989,ABH.SI
6011,E1:O15.SI
6024,E1:579.SI
6027,ADRR.SI
6028,E2:U2E.SI
6033,E2:ADRR.SI
6047,P52.SI
6053,P19.SI
6060,E1:596.SI
6070,E1:P13.SI
6078,E2:O9E.SI
6082,P01.SI
6089,E1:P15.SI
6093,A23.SI
6098,5BI.SI
6107,U05.SI
6112,E1:5BI.SI
6113,E2:A23.SI
6115,E1:5UV.SI
6117,E1:S7OU.SI
6125,E1:C2PU.SI
6126,E1:P29.SI
6129,P13.SI
6141,5UV.SI
6153,T12.SI
6162,E2:T77.SI
6163,E2:P07.SI
6170,P29.SI
6185,T13.SI
6213,E1:M35.SI
6220,T8V.SI
6232,E2:L6T.SI
6233,H02.SI
6237,5I0.SI
6239,Q01.SI
6251,E1:552.SI
6290,5G7R.SI
6292,E1:R14.SI
6297,E2:M1GU.SI
6310,40GR.SI
6312,E1:NR7.SI
6320,E1:ADSR.SI
6325,E1:5F7.SI
6329,E1:5WH.SI
6331,M1GU.SI
6335,E2:W81.SI
6336,5G8R.SI
6354,E1:W81.SI
6362,E1:ADRR.SI
6364,E1:T8V.SI
6367,T8JU.SI
6389,E1:5KI.SI
6397,5H9R.SI
6430,SO7.SI
6434,SK6U.SI
6440,TZ7R.SI
6445,5F7.SI
6459,S58.SI
6460,S68.SI
6468,T24.SI
6473,5UN.SI
6475,U06.SI
6476,T55.SI
6477,S08.SI
6495,W05.SI
6496,S53.SI
6498,S19.SI
6507,S20.SI
6543,Y02.SI
6554,V03.SI
6556,U3D.SI
6557,U11.SI
6558,U09.SI
6563,T19.SI
6566,U13.SI
6572,T35.SI
6574,S69.SI
6575,S61.SI
6586,S49.SI
6681,5WG.SI
6703,5G9.SI
6736,E1:5UO.SI
6746,E1:5VT.SI
6748,E1:E16.SI
6755,E27.SI
6787,E2:Z78.SI
6801,I03.SI
6803,K6K.SI
6805,E2:U11.SI
6811,E1:5HV.SI
6823,E1:5HW.SI
6828,S2D.SI
6831,U9P.SI
6832,U9M.SI
6836,5DO.SI
6837,E1:545.SI
6838,5RJ.SI
6840,E1:5VS.SI
6842,E1:5AI.SI
6844,E1:5EB.SI
6845,U2W.SI
6852,E1:5DP.SI
6877,E1:V01.SI
6886,E1:T35.SI
6920,E2:KJ9.SI
6924,E2:S61.SI
6934,E2:SK6U.SI
6967,TS3.SI
6980,E1:5WA.SI
6982,E1:G31.SI
6983,E1:H16.SI
6989,E1:5PL.SI
6993,E1:I03.SI
7016,E2:5BA.SI
7018,E2:5FA.SI
7025,E2:580.SI
7026,E2:5DN.SI
7027,E2:5FH.SI
7029,E2:5GZ.SI
7031,E2:A01.SI
7044,E1:5EG.SI
7056,M30.SI
7082,E1:5UZ.SI
7094,E1:5VC.SI
7100,E1:5TY.SI
7103,E1:5KH.SI
7104,E1:C2J.SI
7107,U6K.SI
7108,TO6.SI
7118,E1:G3B.SI
7121,E1:S49.SI
7122,E1:S73.SI
7123,E1:S63.SI
7127,E1:JK8.SI
7128,E1:N08.SI
7130,E1:OV8.SI
7131,E1:S71.SI
7132,E1:O39.SI
7133,E1:T41.SI
7142,E2:500.SI
7152,E2:A31.SI
7155,E1:U77.SI
7165,E2:5CN.SI
7191,TS4.SI
7197,TS2.SI
7200,E1:5H0.SI
7201,U1L.SI
7202,5FD.SI
7208,T20.SI
7210,U0I.SI
7211,U3J.SI
7226,E1:AW9U.SI
7243,S85.SI
7244,T04.SI
7264,E1:CY6U.SI
7272,E1:G07.SI
7293,E1:5BM.SI
7295,E2:5RJ.SI
7321,E1:575.SI
7334,ADV.SI
7341,40B.SI
7343,5DL.SI
7350,40A.SI
7352,I26.SI
7355,E1:C6L.SI
7357,E1:E02.SI
7383,E2:S29.SI
7384,E2:PH0.SI
7388,E2:GU5.SI
7389,E2:J10.SI
7390,E2:NI3.SI
7394,E2:OU8.SI
7403,E2:S69.SI
7413,E2:R14.SI
7414,E2:T35.SI
7419,U2Z.SI
7429,U3C.SI
7433,U2P.SI
7437,5NL.SI
7487,5G3.SI
7488,ADW.SI
7497,E1:5MQ.SI
7502,E1:5F4.SI
7514,E1:5GF.SI
7554,E2:Q01.SI
7578,5G4.SI
7589,E1:5FD.SI
7639,E2:E23.SI
7641,E2:I04.SI
7642,E2:N03.SI
7650,E2:LG2U.SI
7651,E2:N01.SI
7652,E2:N08.SI
7658,5CR.SI
7663,A13.SI
7667,Z01.SI
7671,5H2R.SI
7674,AU8U.SI
7688,Q1P.SI
7693,U2V.SI
7705,502.SI
7725,E1:PH0.SI
7738,E2:S53.SI
7740,E2:S85.SI
7748,E2:S46.SI
7750,E2:U04.SI
7758,E2:5UA.SI
7767,E2:5TG.SI
7778,E2:S59.SI
7779,E2:Y02.SI
7788,E2:T24.SI
7789,E2:T8V.SI
7794,M05.SI
7796,T03.SI
7798,U14.SI
7799,E2:5I1.SI
7801,UB8.SI
7804,5AM.SI
7808,E2:5I3.SI
7810,U9R.SI
7812,X27.SI
7814,E1:576.SI
7845,UB4.SI
7900,5VC.SI
7901,U3B.SI
7902,A15.SI
7909,5RA.SI
7915,E2:O2I.SI
7916,E2:W05.SI
7918,H16.SI
7924,E1:5DE.SI
7925,E2:T28.SI
7943,TN7.SI
7948,ABJ.SI
7952,TO5.SI
8002,E1:K11.SI
8007,U6S.SI
8012,E1:KT8U.SI
8013,E1:S23.SI
8014,E1:S61.SI
8016,E1:505.SI
8018,E1:567.SI
8030,E1:580.SI
8032,S23.SI
8039,E1:H02.SI
8042,E1:NF1.SI
8049,E1:J91U.SI
8051,E1:IW5.SI
8058,5AE.SI
8069,T28.SI
8070,UA7.SI
8072,U96.SI
8101,E1:Y06.SI
8102,E1:S68.SI
8110,E1:T09.SI
8111,E1:U14.SI
8134,E1:5CF.SI
8144,C61U.SI
8148,5UJ.SI
8152,U9O.SI
8177,567.SI
8185,U1K.SI
8188,5TH.SI
8191,E1:5OT.SI
8194,E1:5BS.SI
8214,E1:F3V.SI
8244,E2:V01.SI
8253,E2:SV3U.SI
8254,E2:T39.SI
8274,U7B.SI
8294,5I5.SI
8314,TO7.SI
8354,E2:G18.SI
8399,S73.SI
8405,E1:5KU.SI
8411,5H0.SI
8412,U1A.SI
8413,V01.SI
8549,TM6.SI
8566,TO8.SI
8567,E2:5G3.SI
8569,E1:T04.SI
8577,E1:5G7R.SI
8579,E1:D8DU.SI
8580,E1:N0L.SI
8582,E2:561.SI
8586,E1:T06.SI
8589,E1:J7X.SI
8591,E1:W05.SI
8607,E2:K11.SI
8621,F22.SI
8623,E2:PA3.SI
8721,E2:J7X.SI
8739,S29.SI
8755,T06.SI
8756,S46.SI
8757,G11.SI
8775,E1:S29.SI
8777,E1:AM3.SI
8792,E2:5KH.SI
8867,E2:F2X.SI
8914,U7C.SI
8927,O87.SI
8941,E2:I17.SI
8954,U9X.SI
8983,UD3.SI
8990,U7K.SI
9001,E2:U09.SI
9023,UD2.SI
9025,S27.SI
9027,UD1U.SI
9046,U2U.SI
9051,E1:O87.SI
9052,E1:U06.SI
9061,E1:T14.SI
9070,U3L.SI
9088,U6J.SI
9120,E2:T6I.SI
9144,E2:545.SI
9152,E1:535.SI
9193,E1:ON7.SI
9214,E1:5RJ.SI
9227,5G5R.SI
9233,5WR.SI
9236,X04.SI
9290,U9N.SI
9313,N33.SI
9320,Z77.SI
